{
    "num_samples": 5,
    "metrics": {
        "psnr": {
            "mean": 26.232568359375,
            "std": 0.2474238146345565,
            "all": [
                26.02962875366211,
                26.098670959472656,
                26.04765510559082,
                26.68924331665039,
                26.297643661499023
            ]
        },
        "consistency_psnr": {
            "mean": 28.916633987426756,
            "std": 0.2767177088944222,
            "all": [
                28.70281982421875,
                28.875011444091797,
                28.567249298095703,
                29.34241485595703,
                29.095674514770508
            ]
        },
        "lpips_alex": {
            "mean": 0.27823187708854674,
            "std": 0.00494986675759433,
            "all": [
                0.2693050801753998,
                0.2799473702907562,
                0.276762455701828,
                0.2827111482620239,
                0.28243333101272583
            ]
        },
        "lpips_vgg": {
            "mean": 0.32117491364479067,
            "std": 0.0028324383396612957,
            "all": [
                0.31929415464401245,
                0.3205820620059967,
                0.3173508942127228,
                0.32526490092277527,
                0.32338255643844604
            ]
        },
        "Y_psnr": {
            "mean": 27.26450996398926,
            "std": 0.2303875783262086,
            "all": [
                27.07051658630371,
                27.163158416748047,
                27.082181930541992,
                27.69063949584961,
                27.31605339050293
            ]
        },
        "Y_consistency_psnr": {
            "mean": 29.850310134887696,
            "std": 0.25472542139259285,
            "all": [
                29.69003677368164,
                29.83391761779785,
                29.49846076965332,
                30.246868133544922,
                29.982267379760742
            ]
        },
        "ms-ssim": {
            "mean": 0.7975377440452576,
            "std": 0.004785387507101539,
            "all": [
                0.7965618371963501,
                0.7974379658699036,
                0.7950142025947571,
                0.806432843208313,
                0.7922418713569641
            ]
        }
    }
}